{"userid":"26572","username":"vansh","address":"gsdh23978","python":"87","java":"23","cpp":"22","frontend":"89","backend":"34"}, {"userid":"12","username":"vansh","address":"dbj","python":"90","java":"90","cpp":"90","frontend":"90","backend":"90"}, {"userid":"12","username":"vansh","address":"dbj","python":"90","java":"90","cpp":"90","frontend":"90","backend":"90"}, {"userid":"1","username":"vansh","address":"gsjd937982","python":"10","java":"10","cpp":"10","frontend":"10","backend":"10"}, {"userid":"10","username":"dncwk","address":"ncuw989","python":"9","java":"10","cpp":"6","frontend":"6","backend":"10"}, {"userid":"1","username":"Vansh","address":"dhj87d8","python":"10","java":"9","cpp":"6","frontend":"8","backend":"10"}, {"userid":"1","username":"Vansh","address":"dhj87d8","python":"10","java":"9","cpp":"6","frontend":"8","backend":"10"}, {"userid":"2","username":"Cigar","address":"dnwih9u9","python":"9","java":"8","cpp":"10","frontend":"8","backend":"10"}, {"userid":"10","username":"cigansh","address":"dcou0e","python":"10","java":"9","cpp":"8","frontend":"10","backend":"6"}, {"userid":"100","username":"vangar","address":"jd90wu0","python":"10","java":"9","cpp":"7","frontend":"10","backend":"9"}, {"userid":"2","username":"sdbk","address":"ndcejkneod","python":"10","java":"8","cpp":"9","frontend":"10","backend":"7"}, {"userid":"10","username":"dbjhisk","address":"nckdnco","python":"10","java":"9","cpp":"7","frontend":"8","backend":"10"}, {"userid":"10","username":"vansh","address":"ndsjbskd","python":"10","java":"19","cpp":"23","frontend":"10","backend":"76"}, {"userid":"10","username":"vansh","address":"hdj39","python":"88","java":"80","cpp":"86","frontend":"99","backend":"99"}, {"userid":"10","username":"vansh","address":"hdj39","python":"88","java":"80","cpp":"86","frontend":"99","backend":"99"}, {"userid":"10","username":"vansh","address":"hdj39","python":"88","java":"80","cpp":"86","frontend":"99","backend":"99"}, {"userid":"10","username":"vansh","address":"hdfh","python":"10","java":"89","cpp":"99","frontend":"37","backend":"89"}, {"userid":"9","username":"tanish","address":"hvjhkhk","python":"90","java":"78","cpp":"90","frontend":"96","backend":"78"}, {"userid":"10","username":"vansh","address":"bbjh","python":"90","java":"76","cpp":"90","frontend":"76","backend":"90"}, {"userid":"10","username":"vansh","address":"bbjh","python":"90","java":"76","cpp":"90","frontend":"76","backend":"90"}, {"userid":"10","username":"vansh","address":"bcdjkbjkd","python":"10","java":"90","cpp":"87","frontend":"67","backend":"89"}, 